{
    "customers": [
        [
            -37.822,
            145.0669
        ],
        [
            -37.84496479436458,
            145.10934407330788
        ],
        [
            -37.82222011342774,
            145.04877915572462
        ],
        [
            -37.79271942733241,
            145.0766091485864
        ],
        [
            -37.840409483932945,
            145.1064510676896
        ],
        [
            -37.79821500765467,
            145.0760911506649
        ]
    ],
    "demands": [
        0,
        1,
        1,
        1,
        1,
        1
    ],
    "time_windows": [
        [
            0,
            999
        ],
        [
            12,
            17
        ],
        [
            12,
            17
        ],
        [
            12,
            17
        ],
        [
            17,
            22
        ],
        [
            12,
            17
        ]
    ]
}